{
	"textures": {
		"0": "aj:blueprint/gull/gull",
		"particle": "minecraft:item/pufferfish"
	},
	"display": {
		"head": {
			"rotation": [0, 180, 0]
		}
	},
	"elements": [
		{
			"from": [6.5, 5.98606, 7.98289],
			"to": [9.5, 7.98606, 11.98289],
			"rotation": {
				"x": -5,
				"y": 0,
				"z": 0,
				"origin": [8, 5, 8]
			},
			"faces": {
				"north": {
					"uv": [11.75, 10.75, 12.5, 11.25],
					"texture": "#0"
				},
				"east": {
					"uv": [10.75, 10.75, 11.75, 11.25],
					"texture": "#0"
				},
				"south": {
					"uv": [13.5, 10.75, 14.25, 11.25],
					"texture": "#0"
				},
				"west": {
					"uv": [12.5, 10.75, 13.5, 11.25],
					"texture": "#0"
				},
				"up": {
					"uv": [12.5, 10.75, 11.75, 9.75],
					"texture": "#0"
				},
				"down": {
					"uv": [13.25, 9.75, 12.5, 10.75],
					"texture": "#0"
				}
			}
		},
		{
			"from": [6.25, 5.73606, 7.73289],
			"to": [9.75, 5.73606, 12.23289],
			"rotation": {
				"x": -5,
				"y": 0,
				"z": 0,
				"origin": [8, 5, 8]
			},
			"faces": {
				"north": {
					"uv": [1, 12.25, 1.75, 12.75],
					"texture": "#0"
				},
				"east": {
					"uv": [0, 12.25, 1, 12.75],
					"texture": "#0"
				},
				"south": {
					"uv": [2.75, 12.25, 3.5, 12.75],
					"texture": "#0"
				},
				"west": {
					"uv": [1.75, 12.25, 2.75, 12.75],
					"texture": "#0"
				},
				"up": {
					"uv": [2.5, 12.25, 1.75, 11.25],
					"texture": "#0"
				},
				"down": {
					"uv": [2.5, 11.25, 1.75, 12.25],
					"texture": "#0"
				}
			}
		},
		{
			"from": [6.25, 8.23606, 7.73289],
			"to": [9.75, 8.23606, 12.23289],
			"rotation": {
				"x": -5,
				"y": 0,
				"z": 0,
				"origin": [8, 5, 8]
			},
			"faces": {
				"north": {
					"uv": [1, 12.25, 1.75, 12.75],
					"texture": "#0"
				},
				"east": {
					"uv": [0, 12.25, 1, 12.75],
					"texture": "#0"
				},
				"south": {
					"uv": [2.75, 12.25, 3.5, 12.75],
					"texture": "#0"
				},
				"west": {
					"uv": [1.75, 12.25, 2.75, 12.75],
					"texture": "#0"
				},
				"up": {
					"uv": [1.75, 12.25, 1, 11.25],
					"texture": "#0"
				},
				"down": {
					"uv": [1.75, 11.25, 1, 12.25],
					"texture": "#0"
				}
			}
		},
		{
			"from": [6.25, 5.73606, 7.73289],
			"to": [6.25, 8.23606, 12.23289],
			"rotation": {
				"x": -5,
				"y": 0,
				"z": 0,
				"origin": [8, 5, 8]
			},
			"faces": {
				"north": {
					"uv": [1, 12.25, 1.75, 12.75],
					"texture": "#0"
				},
				"east": {
					"uv": [0, 12.25, 1, 12.75],
					"texture": "#0"
				},
				"south": {
					"uv": [2.75, 12.25, 3.5, 12.75],
					"texture": "#0"
				},
				"west": {
					"uv": [1.75, 12.25, 2.75, 12.75],
					"texture": "#0"
				},
				"up": {
					"uv": [1.75, 12.25, 1, 11.25],
					"texture": "#0"
				},
				"down": {
					"uv": [2.5, 11.25, 1.75, 12.25],
					"texture": "#0"
				}
			}
		},
		{
			"from": [9.75, 5.73606, 7.73289],
			"to": [9.75, 8.23606, 12.23289],
			"rotation": {
				"x": -5,
				"y": 0,
				"z": 0,
				"origin": [8, 5, 8]
			},
			"faces": {
				"north": {
					"uv": [1.75, 12.25, 1, 12.75],
					"texture": "#0"
				},
				"east": {
					"uv": [2.75, 12.25, 1.75, 12.75],
					"texture": "#0"
				},
				"south": {
					"uv": [3.5, 12.25, 2.75, 12.75],
					"texture": "#0"
				},
				"west": {
					"uv": [1, 12.25, 0, 12.75],
					"texture": "#0"
				},
				"up": {
					"uv": [1, 12.25, 1.75, 11.25],
					"texture": "#0"
				},
				"down": {
					"uv": [1.75, 11.25, 2.5, 12.25],
					"texture": "#0"
				}
			}
		}
	]
}